"GBM","Marker","Allele_1","Allele_2","Allele_3","Allele_4"
"JX39","Aml","X",NA,NA,NA
"JX14","Aml","X","Y",NA,NA
"JX12","Aml","X","Y",NA,NA
"JX6","Aml","X","Y",NA,NA
"JX59","Aml","X",NA,NA,NA
"JX10","Aml","X","Y",NA,NA
"JX22","Aml","X","Y",NA,NA
"X1016","Aml","X","Y",NA,NA
"X1052","Aml","X",NA,NA,NA
"X1066","Aml","X",NA,NA,NA
"X1153","Aml","X",NA,NA,NA
"X1238","Aml","X",NA,NA,NA
"X1441","Aml","X","Y",NA,NA
"X1465","Aml","X",NA,NA,NA
"X1516","Aml","X",NA,NA,NA
"X1524","Aml","X",NA,NA,NA
"XD456","Aml","X",NA,NA,NA
"JX39","CSF1PO","11","13",NA,NA
"JX14","CSF1PO","11","12",NA,NA
"JX12","CSF1PO","12",NA,NA,NA
"JX6","CSF1PO","9","12",NA,NA
"JX59","CSF1PO","9","10",NA,NA
"JX10","CSF1PO","11",NA,NA,NA
"JX22","CSF1PO","10","14",NA,NA
"X1016","CSF1PO","10","12",NA,NA
"X1052","CSF1PO","12","13",NA,NA
"X1066","CSF1PO","9","10",NA,NA
"X1153","CSF1PO","10",NA,NA,NA
"X1238","CSF1PO","11",NA,NA,NA
"X1441","CSF1PO","10","12",NA,NA
"X1465","CSF1PO","10","11",NA,NA
"X1516","CSF1PO","11","12",NA,NA
"X1524","CSF1PO","11",NA,NA,NA
"XD456","CSF1PO","12","13",NA,NA
"JX39","D10S1248","13",NA,NA,NA
"JX14","D10S1248","13",NA,NA,NA
"JX12","D10S1248","14","15",NA,NA
"JX6","D10S1248",NA,NA,NA,NA
"JX59","D10S1248","13",NA,NA,NA
"JX10","D10S1248",NA,NA,NA,NA
"JX22","D10S1248","14",NA,NA,NA
"X1016","D10S1248","14",NA,NA,NA
"X1052","D10S1248","13",NA,NA,NA
"X1066","D10S1248","13",NA,NA,NA
"X1153","D10S1248","15",NA,NA,NA
"X1238","D10S1248","14","15",NA,NA
"X1441","D10S1248","13",NA,NA,NA
"X1465","D10S1248","16",NA,NA,NA
"X1516","D10S1248","13",NA,NA,NA
"X1524","D10S1248","16",NA,NA,NA
"XD456","D10S1248","11","12","15.0",NA
"JX39","D12S391","18",NA,NA,NA
"JX14","D12S391","18","23",NA,NA
"JX12","D12S391","21.3","24",NA,NA
"JX6","D12S391",NA,NA,NA,NA
"JX59","D12S391","18","23",NA,NA
"JX10","D12S391",NA,NA,NA,NA
"JX22","D12S391","19",NA,NA,NA
"X1016","D12S391","17.3","19","21.0","24"
"X1052","D12S391","23",NA,NA,NA
"X1066","D12S391","17",NA,NA,NA
"X1153","D12S391","21","25",NA,NA
"X1238","D12S391","17",NA,NA,NA
"X1441","D12S391","19","19.3",NA,NA
"X1465","D12S391","19","24",NA,NA
"X1516","D12S391","17","18",NA,NA
"X1524","D12S391","22","23",NA,NA
"XD456","D12S391","18","23","24.0","27"
"JX39","D13s317","10","12",NA,NA
"JX14","D13s317","11",NA,NA,NA
"JX12","D13s317","9","11",NA,NA
"JX6","D13s317","11",NA,NA,NA
"JX59","D13s317","11",NA,NA,NA
"JX10","D13s317","11",NA,NA,NA
"JX22","D13s317","11",NA,NA,NA
"X1016","D13s317","11",NA,NA,NA
"X1052","D13s317","8","13",NA,NA
"X1066","D13s317","14",NA,NA,NA
"X1153","D13s317","11","12",NA,NA
"X1238","D13s317","9",NA,NA,NA
"X1441","D13s317","12","14",NA,NA
"X1465","D13s317","11","12",NA,NA
"X1516","D13s317","13","14",NA,NA
"X1524","D13s317","8","13",NA,NA
"XD456","D13s317","9","13",NA,NA
"JX39","D16s539","11","13",NA,NA
"JX14","D16s539","11","13",NA,NA
"JX12","D16s539","9",NA,NA,NA
"JX6","D16s539",NA,NA,NA,NA
"JX59","D16s539","11","14",NA,NA
"JX10","D16s539",NA,NA,NA,NA
"JX22","D16s539","11","12",NA,NA
"X1016","D16s539","9","11","14.0",NA
"X1052","D16s539","9","10.3",NA,NA
"X1066","D16s539","12",NA,NA,NA
"X1153","D16s539","8","9",NA,NA
"X1238","D16s539","12",NA,NA,NA
"X1441","D16s539","9","11",NA,NA
"X1465","D16s539","9","13",NA,NA
"X1516","D16s539","9","12",NA,NA
"X1524","D16s539","10","12",NA,NA
"XD456","D16s539","13","14",NA,NA
"JX39","D18s51","16","18",NA,NA
"JX14","D18s51","12","14",NA,NA
"JX12","D18s51","12","15",NA,NA
"JX6","D18s51","14","15",NA,NA
"JX59","D18s51","13","17",NA,NA
"JX10","D18s51","12","15",NA,NA
"JX22","D18s51","18","21",NA,NA
"X1016","D18s51","8","12","13.0","15"
"X1052","D18s51","12","13",NA,NA
"X1066","D18s51","14",NA,NA,NA
"X1153","D18s51","12","17",NA,NA
"X1238","D18s51","14","15",NA,NA
"X1441","D18s51","12","13",NA,NA
"X1465","D18s51","13","16",NA,NA
"X1516","D18s51","14","15","16.0",NA
"X1524","D18s51","14","16",NA,NA
"XD456","D18s51","15","18",NA,NA
"JX39","D19S433","14",NA,NA,NA
"JX14","D19S433","13","14",NA,NA
"JX12","D19S433","13",NA,NA,NA
"JX6","D19S433",NA,NA,NA,NA
"JX59","D19S433","13",NA,NA,NA
"JX10","D19S433",NA,NA,NA,NA
"JX22","D19S433","13",NA,NA,NA
"X1016","D19S433","5.2","15","18.2",NA
"X1052","D19S433","13","14.2",NA,NA
"X1066","D19S433","14","15",NA,NA
"X1153","D19S433","13",NA,NA,NA
"X1238","D19S433","13","14",NA,NA
"X1441","D19S433","14","16",NA,NA
"X1465","D19S433","12","14",NA,NA
"X1516","D19S433","13","14",NA,NA
"X1524","D19S433","15",NA,NA,NA
"XD456","D19S433","13",NA,NA,NA
"JX39","D1S1656","11","16",NA,NA
"JX14","D1S1656","17.3",NA,NA,NA
"JX12","D1S1656","11",NA,NA,NA
"JX6","D1S1656",NA,NA,NA,NA
"JX59","D1S1656","17.3","18.3",NA,NA
"JX10","D1S1656",NA,NA,NA,NA
"JX22","D1S1656","11","15",NA,NA
"X1016","D1S1656","17.1","17.3",NA,NA
"X1052","D1S1656","16.3","17.3",NA,NA
"X1066","D1S1656","12","15",NA,NA
"X1153","D1S1656","16",NA,NA,NA
"X1238","D1S1656","16.3","17.3",NA,NA
"X1441","D1S1656","13","15.3",NA,NA
"X1465","D1S1656","11",NA,NA,NA
"X1516","D1S1656","11","14",NA,NA
"X1524","D1S1656","15.3","17",NA,NA
"XD456","D1S1656","14","15.3","16.3",NA
"JX39","D21s11","28","31",NA,NA
"JX14","D21s11","27","29",NA,NA
"JX12","D21s11","28",NA,NA,NA
"JX6","D21s11",NA,NA,NA,NA
"JX59","D21s11","28","29",NA,NA
"JX10","D21s11",NA,NA,NA,NA
"JX22","D21s11","28",NA,NA,NA
"X1016","D21s11","31","33.2",NA,NA
"X1052","D21s11","31.2","32.2",NA,NA
"X1066","D21s11","29",NA,NA,NA
"X1153","D21s11","29","30",NA,NA
"X1238","D21s11","28","30.2",NA,NA
"X1441","D21s11","30","33.2",NA,NA
"X1465","D21s11","29","30",NA,NA
"X1516","D21s11","29","30",NA,NA
"X1524","D21s11","29","30",NA,NA
"XD456","D21s11","31","31.2",NA,NA
"JX39","D22S1045","16",NA,NA,NA
"JX14","D22S1045","16",NA,NA,NA
"JX12","D22S1045","14","16",NA,NA
"JX6","D22S1045",NA,NA,NA,NA
"JX59","D22S1045","16",NA,NA,NA
"JX10","D22S1045",NA,NA,NA,NA
"JX22","D22S1045","15",NA,NA,NA
"X1016","D22S1045","15",NA,NA,NA
"X1052","D22S1045","11","16",NA,NA
"X1066","D22S1045","15","16",NA,NA
"X1153","D22S1045","11","15",NA,NA
"X1238","D22S1045","15",NA,NA,NA
"X1441","D22S1045","11",NA,NA,NA
"X1465","D22S1045","16",NA,NA,NA
"X1516","D22S1045","15",NA,NA,NA
"X1524","D22S1045","14","17",NA,NA
"XD456","D22S1045","14","15","16.0",NA
"JX39","D2S1338","17","25",NA,NA
"JX14","D2S1338","19","23",NA,NA
"JX12","D2S1338","24","25",NA,NA
"JX6","D2S1338",NA,NA,NA,NA
"JX59","D2S1338","18","24",NA,NA
"JX10","D2S1338",NA,NA,NA,NA
"JX22","D2S1338","17","20",NA,NA
"X1016","D2S1338","17","23","24.0",NA
"X1052","D2S1338","17","23",NA,NA
"X1066","D2S1338","24","25",NA,NA
"X1153","D2S1338","19","24",NA,NA
"X1238","D2S1338",NA,NA,NA,NA
"X1441","D2S1338","25",NA,NA,NA
"X1465","D2S1338","23","25",NA,NA
"X1516","D2S1338","17","20",NA,NA
"X1524","D2S1338","19","25",NA,NA
"XD456","D2S1338","23","24","26.0",NA
"JX39","D2S441","11",NA,NA,NA
"JX14","D2S441","11","12",NA,NA
"JX12","D2S441","11","14",NA,NA
"JX6","D2S441",NA,NA,NA,NA
"JX59","D2S441","11.3",NA,NA,NA
"JX10","D2S441",NA,NA,NA,NA
"JX22","D2S441","11",NA,NA,NA
"X1016","D2S441","10","11",NA,NA
"X1052","D2S441","11","12",NA,NA
"X1066","D2S441","10","14",NA,NA
"X1153","D2S441","11.3","15",NA,NA
"X1238","D2S441","14",NA,NA,NA
"X1441","D2S441","14",NA,NA,NA
"X1465","D2S441","11","14",NA,NA
"X1516","D2S441","10","11",NA,NA
"X1524","D2S441","14",NA,NA,NA
"XD456","D2S441","10","11","12.0",NA
"JX39","D3s1358","18",NA,NA,NA
"JX14","D3s1358","16","17",NA,NA
"JX12","D3s1358","15","18",NA,NA
"JX6","D3s1358","15","16",NA,NA
"JX59","D3s1358","17",NA,NA,NA
"JX10","D3s1358","16","17",NA,NA
"JX22","D3s1358","19",NA,NA,NA
"X1016","D3s1358","14","17","18.0",NA
"X1052","D3s1358","17","18",NA,NA
"X1066","D3s1358","16",NA,NA,NA
"X1153","D3s1358","16","17",NA,NA
"X1238","D3s1358","17",NA,NA,NA
"X1441","D3s1358","16","18",NA,NA
"X1465","D3s1358","15",NA,NA,NA
"X1516","D3s1358","15",NA,NA,NA
"X1524","D3s1358","16","18",NA,NA
"XD456","D3s1358","17","18","19.0","20"
"JX39","D5s818","12",NA,NA,NA
"JX14","D5s818","10","11",NA,NA
"JX12","D5s818","10","12",NA,NA
"JX6","D5s818","12","13",NA,NA
"JX59","D5s818","10","12",NA,NA
"JX10","D5s818","12",NA,NA,NA
"JX22","D5s818","11","12",NA,NA
"X1016","D5s818","11","12",NA,NA
"X1052","D5s818","11","12",NA,NA
"X1066","D5s818","11","12",NA,NA
"X1153","D5s818","12",NA,NA,NA
"X1238","D5s818","11","13",NA,NA
"X1441","D5s818","11","13",NA,NA
"X1465","D5s818","11","13",NA,NA
"X1516","D5s818","11",NA,NA,NA
"X1524","D5s818","10","12",NA,NA
"XD456","D5s818","10","11","12.0",NA
"JX39","D7s820","10",NA,NA,NA
"JX14","D7s820","8","11",NA,NA
"JX12","D7s820","10","12",NA,NA
"JX6","D7s820","8",NA,NA,NA
"JX59","D7s820","10",NA,NA,NA
"JX10","D7s820","10","11",NA,NA
"JX22","D7s820","9","10",NA,NA
"X1016","D7s820","10","13",NA,NA
"X1052","D7s820","10","12",NA,NA
"X1066","D7s820","8","12",NA,NA
"X1153","D7s820","8","11",NA,NA
"X1238","D7s820","11",NA,NA,NA
"X1441","D7s820","10",NA,NA,NA
"X1465","D7s820","10",NA,NA,NA
"X1516","D7s820","8","11",NA,NA
"X1524","D7s820","9","10",NA,NA
"XD456","D7s820","9","10",NA,NA
"JX39","D8s1179","13","14",NA,NA
"JX14","D8s1179","15",NA,NA,NA
"JX12","D8s1179","13",NA,NA,NA
"JX6","D8s1179","10","12",NA,NA
"JX59","D8s1179","15",NA,NA,NA
"JX10","D8s1179","13","14",NA,NA
"JX22","D8s1179","14","15",NA,NA
"X1016","D8s1179","10","13",NA,NA
"X1052","D8s1179","13","14",NA,NA
"X1066","D8s1179","14",NA,NA,NA
"X1153","D8s1179","12","15",NA,NA
"X1238","D8s1179","11","13",NA,NA
"X1441","D8s1179","13",NA,NA,NA
"X1465","D8s1179","10","13",NA,NA
"X1516","D8s1179","10","12","13.0",NA
"X1524","D8s1179","12","13",NA,NA
"XD456","D8s1179","10","11",NA,NA
"JX39","DYS391",NA,NA,NA,NA
"JX14","DYS391","11",NA,NA,NA
"JX12","DYS391","11",NA,NA,NA
"JX6","DYS391",NA,NA,NA,NA
"JX59","DYS391",NA,NA,NA,NA
"JX10","DYS391",NA,NA,NA,NA
"JX22","DYS391",NA,NA,NA,NA
"X1016","DYS391","7","10",NA,NA
"X1052","DYS391",NA,NA,NA,NA
"X1066","DYS391",NA,NA,NA,NA
"X1153","DYS391",NA,NA,NA,NA
"X1238","DYS391",NA,NA,NA,NA
"X1441","DYS391","10",NA,NA,NA
"X1465","DYS391",NA,NA,NA,NA
"X1516","DYS391",NA,NA,NA,NA
"X1524","DYS391",NA,NA,NA,NA
"XD456","DYS391",NA,NA,NA,NA
"JX39","FGA","20","21",NA,NA
"JX14","FGA","21",NA,NA,NA
"JX12","FGA","24","24.2",NA,NA
"JX6","FGA","20","22",NA,NA
"JX59","FGA","22","26",NA,NA
"JX10","FGA","19","22",NA,NA
"JX22","FGA","23","24",NA,NA
"X1016","FGA","21",NA,NA,NA
"X1052","FGA","21","22",NA,NA
"X1066","FGA","23","24",NA,NA
"X1153","FGA","20",NA,NA,NA
"X1238","FGA","19","21",NA,NA
"X1441","FGA","23","24",NA,NA
"X1465","FGA","22","24",NA,NA
"X1516","FGA","20","21",NA,NA
"X1524","FGA","23","24",NA,NA
"XD456","FGA","18","22","24.0",NA
"JX39","Penta D","11","13",NA,NA
"JX14","Penta D","9","11",NA,NA
"JX12","Penta D","10","12",NA,NA
"JX6","Penta D",NA,NA,NA,NA
"JX59","Penta D","9","13",NA,NA
"JX10","Penta D",NA,NA,NA,NA
"JX22","Penta D","13",NA,NA,NA
"X1016","Penta D","13","17",NA,NA
"X1052","Penta D","11","13",NA,NA
"X1066","Penta D","9","10",NA,NA
"X1153","Penta D","13",NA,NA,NA
"X1238","Penta D",NA,NA,NA,NA
"X1441","Penta D","9","14",NA,NA
"X1465","Penta D","11","12",NA,NA
"X1516","Penta D","12","13",NA,NA
"X1524","Penta D","5","12",NA,NA
"XD456","Penta D","9","11",NA,NA
"JX39","Penta E","7",NA,NA,NA
"JX14","Penta E","10",NA,NA,NA
"JX12","Penta E","5","11",NA,NA
"JX6","Penta E",NA,NA,NA,NA
"JX59","Penta E","5","12",NA,NA
"JX10","Penta E",NA,NA,NA,NA
"JX22","Penta E","11","13",NA,NA
"X1016","Penta E","11","12",NA,NA
"X1052","Penta E","7","10",NA,NA
"X1066","Penta E","12","16",NA,NA
"X1153","Penta E","11","12",NA,NA
"X1238","Penta E","16",NA,NA,NA
"X1441","Penta E","10","11",NA,NA
"X1465","Penta E","7","12",NA,NA
"X1516","Penta E","9","10","12.0","13"
"X1524","Penta E","7","11",NA,NA
"XD456","Penta E","18","19",NA,NA
"JX39","TH01","6","9.3",NA,NA
"JX14","TH01","9","9.3",NA,NA
"JX12","TH01","7","9",NA,NA
"JX6","TH01","6","8",NA,NA
"JX59","TH01","6","9.3",NA,NA
"JX10","TH01","9","9.3",NA,NA
"JX22","TH01","9.3",NA,NA,NA
"X1016","TH01","6","7",NA,NA
"X1052","TH01","8",NA,NA,NA
"X1066","TH01","17","19",NA,NA
"X1153","TH01","7","9.3",NA,NA
"X1238","TH01",NA,NA,NA,NA
"X1441","TH01","7",NA,NA,NA
"X1465","TH01","9",NA,NA,NA
"X1516","TH01","7",NA,NA,NA
"X1524","TH01","9","9.3",NA,NA
"XD456","TH01","7",NA,NA,NA
"JX39","TPOX","8","11",NA,NA
"JX14","TPOX","8",NA,NA,NA
"JX12","TPOX","8",NA,NA,NA
"JX6","TPOX","8",NA,NA,NA
"JX59","TPOX","8","11",NA,NA
"JX10","TPOX","8","11",NA,NA
"JX22","TPOX","8","10",NA,NA
"X1016","TPOX","8","11",NA,NA
"X1052","TPOX","8","12",NA,NA
"X1066","TPOX","11",NA,NA,NA
"X1153","TPOX","8","11",NA,NA
"X1238","TPOX","8",NA,NA,NA
"X1441","TPOX","11",NA,NA,NA
"X1465","TPOX","8","9",NA,NA
"X1516","TPOX","11",NA,NA,NA
"X1524","TPOX","8","11",NA,NA
"XD456","TPOX","8","11",NA,NA
"JX39","vWA","15","16",NA,NA
"JX14","vWA","17",NA,NA,NA
"JX12","vWA","16","18",NA,NA
"JX6","vWA","15","19",NA,NA
"JX59","vWA","14","15",NA,NA
"JX10","vWA","16","19",NA,NA
"JX22","vWA","17",NA,NA,NA
"X1016","vWA","16",NA,NA,NA
"X1052","vWA","15","20",NA,NA
"X1066","vWA","14","16",NA,NA
"X1153","vWA","15","16",NA,NA
"X1238","vWA","14","18",NA,NA
"X1441","vWA","17","18","19.0",NA
"X1465","vWA","16","17",NA,NA
"X1516","vWA","18","19","20.0",NA
"X1524","vWA","17",NA,NA,NA
"XD456","vWA","17","18",NA,NA
